{
  "original_count": 8,
  "steps": {
    "misinformation": {
      "removed": 2,
      "remaining": 6,
      "high_risk_percentage": 25.0
    },
    "quality": {
      "removed": 0,
      "remaining": 6,
      "avg_quality_score": 0.8416153846153845
    },
    "redundancy": {
      "removed": 1,
      "remaining": 5,
      "redundancy_percentage": 16.666666666666664
    }
  },
  "removed_indices": {
    "misinformation": [
      1,
      6
    ],
    "low_quality": [],
    "duplicates": [
      2
    ]
  },
  "sustainability": {
    "immediate_savings": {
      "data_mb": 0.0007724761962890625,
      "reduction_percentage": 40.5,
      "energy_kwh": 3.8623809814453126e-08,
      "carbon_kg": 1.8346309661865235e-08,
      "water_liters": 6.952285766601563e-08
    },
    "projected_annual_savings": {
      "energy_kwh": 1.4097690582275391e-05,
      "carbon_kg": 6.696403026580811e-06,
      "water_liters": 2.5375843048095706e-05,
      "carbon_trees_equivalent": 3.1887633459908623e-07,
      "car_miles_equivalent": 0.016575255016289137
    }
  },
  "final_count": 5,
  "total_removed": 3,
  "retention_rate": 62.5,
  "processing_time": 0.029737234115600586
}